r,R(r),V_quantum,Vacuum_Energy,Weyl_Classic,Weyl_Quantum,Change(%)
0.1,1.517893e1,9.391223e-58,2.571188e1,1.000000e1,1.000000e1,0.000000
0.5,5.200000e-1,3.217246e-59,8.808380e-1,4.000000e-1,4.000000e-1,0.000000
1.0,1.300000e-1,8.043115e-60,2.202095e-1,1.000000e-1,1.000000e-1,0.000000
1.1,1.074380e-1,6.647202e-60,1.819913e-1,-8.264463e-2,-8.264463e-2,0.000000
2.0,3.250000e-2,2.010779e-60,5.505237e-2,-2.500000e-2,-2.500000e-2,0.000000
5.0,5.200000e-3,3.217246e-61,8.808380e-3,-4.000000e-3,-4.000000e-3,0.000000
10.0,1.300000e-3,8.043115e-62,2.202095e-3,-1.000000e-3,-1.000000e-3,0.000000
